af,ak,am,ar,as,ay,az,be,bg,bho,bm,bn,bs,ca,ceb,ckb,co,cs,cy,da,de,doi,dv,ee,el,en,eo,es,et,eu,fa,fi,fil,fr,fy,ga,gd,gl,gn,gom,gu,ha,haw,he,hi,hmn,hr,ht,hu,hy,id,ig,ilo,is,it,iw,ja,jv,jw,ka,kk,km,kn,ko,kri,ku,ky,la,lb,lg,ln,lo,lt,lus,lv,mai,mg,mi,mk,ml,mn,mni-Mtei,mr,ms,mt,my,ne,nl,no,nso,ny,om,or,pa,pl,ps,pt,qu,ro,ru,rw,sa,sd,si,sk,sl,sm,sn,so,sq,sr,st,su,sv,sw,ta,te,tg,th,ti,tk,tl,tr,ts,tt,ug,uk,ur,uz,vi,xh,yi,yo,zh,zh-CN,zh-TW,zu
Google Cloud,Google Cloud,Google Cloud,Google Cloud,Google Cloud,Google Cloud,Google Cloud,Google Cloud,Google Cloud,Google Cloud,Google Cloud,Google Cloud,Google Cloud,Google Cloud,Google Cloud,Google Cloud,Google Cloud,Google Cloud,Google Cloud,Google Cloud,Google Cloud,Google Cloud,Google Cloud,Google Cloud,Google Cloud,Google Cloud,Google Cloud,Google Cloud,Google Cloud,Google Cloud,Google Cloud,Google Cloud,Google Cloud,Google Cloud,Google Cloud,Google Cloud,Google Cloud,Google Cloud,Google Cloud,Google Cloud,Google Cloud,Google Cloud,Google Cloud,Google Cloud,Google Cloud,Google Cloud,Google Cloud,Google Cloud,Google Cloud,Google Cloud,Google Cloud,Google Cloud,Google Cloud,Google Cloud,Google Cloud,Google Cloud,Google Cloud,Google Cloud,Google Cloud,Google Cloud,Google Cloud,Google Cloud,Google Cloud,Google Cloud,Google Cloud,Google Cloud,Google Cloud,Google Cloud,Google Cloud,Google Cloud,Google Cloud,Google Cloud,Google Cloud,Google Cloud,Google Cloud,Google Cloud,Google Cloud,Google Cloud,Google Cloud,Google Cloud,Google Cloud,Google Cloud,Google Cloud,Google Cloud,Google Cloud,Google Cloud,Google Cloud,Google Cloud,Google Cloud,Google Cloud,Google Cloud,Google Cloud,Google Cloud,Google Cloud,Google Cloud,Google Cloud,Google Cloud,Google Cloud,Google Cloud,Google Cloud,Google Cloud,Google Cloud,Google Cloud,Google Cloud,Google Cloud,Google Cloud,Google Cloud,Google Cloud,Google Cloud,Google Cloud,Google Cloud,Google Cloud,Google Cloud,Google Cloud,Google Cloud,Google Cloud,Google Cloud,Google Cloud,Google Cloud,Google Cloud,Google Cloud,Google Cloud,Google Cloud,Google Cloud,Google Cloud,Google Cloud,Google Cloud,Google Cloud,Google Cloud,Google Cloud,Google Cloud,Google Cloud,Google Cloud,Google Cloud,Google Cloud,Google Cloud,Google Cloud
Aselsan,Aselsan,Aselsan,Aselsan,Aselsan,Aselsan,Aselsan,Aselsan,Aselsan,Aselsan,Aselsan,Aselsan,Aselsan,Aselsan,Aselsan,Aselsan,Aselsan,Aselsan,Aselsan,Aselsan,Aselsan,Aselsan,Aselsan,Aselsan,Aselsan,Aselsan,Aselsan,Aselsan,Aselsan,Aselsan,Aselsan,Aselsan,Aselsan,Aselsan,Aselsan,Aselsan,Aselsan,Aselsan,Aselsan,Aselsan,Aselsan,Aselsan,Aselsan,Aselsan,Aselsan,Aselsan,Aselsan,Aselsan,Aselsan,Aselsan,Aselsan,Aselsan,Aselsan,Aselsan,Aselsan,Aselsan,Aselsan,Aselsan,Aselsan,Aselsan,Aselsan,Aselsan,Aselsan,Aselsan,Aselsan,Aselsan,Aselsan,Aselsan,Aselsan,Aselsan,Aselsan,Aselsan,Aselsan,Aselsan,Aselsan,Aselsan,Aselsan,Aselsan,Aselsan,Aselsan,Aselsan,Aselsan,Aselsan,Aselsan,Aselsan,Aselsan,Aselsan,Aselsan,Aselsan,Aselsan,Aselsan,Aselsan,Aselsan,Aselsan,Aselsan,Aselsan,Aselsan,Aselsan,Aselsan,Aselsan,Aselsan,Aselsan,Aselsan,Aselsan,Aselsan,Aselsan,Aselsan,Aselsan,Aselsan,Aselsan,Aselsan,Aselsan,Aselsan,Aselsan,Aselsan,Aselsan,Aselsan,Aselsan,Aselsan,Aselsan,Aselsan,Aselsan,Aselsan,Aselsan,Aselsan,Aselsan,Aselsan,Aselsan,Aselsan,Aselsan,Aselsan,Aselsan,Aselsan,Aselsan,Aselsan,Aselsan,Aselsan
Macunköy,Macunköy,Macunköy,Macunköy,Macunköy,Macunköy,Macunköy,Macunköy,Macunköy,Macunköy,Macunköy,Macunköy,Macunköy,Macunköy,Macunköy,Macunköy,Macunköy,Macunköy,Macunköy,Macunköy,Macunköy,Macunköy,Macunköy,Macunköy,Macunköy,Macunkoy,Macunköy,Macunköy,Macunköy,Macunköy,Macunköy,Macunköy,Macunköy,Macunköy,Macunköy,Macunköy,Macunköy,Macunköy,Macunköy,Macunköy,Macunköy,Macunköy,Macunköy,Macunköy,Macunköy,Macunköy,Macunköy,Macunköy,Macunköy,Macunköy,Macunköy,Macunköy,Macunköy,Macunköy,Macunköy,Macunköy,Macunköy,Macunköy,Macunköy,Macunköy,Macunköy,Macunköy,Macunköy,Macunköy,Macunköy,Macunköy,Macunköy,Macunköy,Macunköy,Macunköy,Macunköy,Macunköy,Macunköy,Macunköy,Macunköy,Macunköy,Macunköy,Macunköy,Macunköy,Macunköy,Macunköy,Macunköy,Macunköy,Macunköy,Macunköy,Macunköy,Macunköy,Macunköy,Macunköy,Macunköy,Macunköy,Macunköy,Macunköy,Macunköy,Macunköy,Macunköy,Macunköy,Macunköy,Macunköy,Macunköy,Macunköy,Macunköy,Macunköy,Macunköy,Macunköy,Macunköy,Macunköy,Macunköy,Macunköy,Macunköy,Macunköy,Macunköy,Macunköy,Macunköy,Macunköy,Macunköy,Macunköy,Macunköy,Macunköy,Macunköy,Macunköy,Macunköy,Macunköy,Macunköy,Macunköy,Macunköy,Macunköy,Macunköy,Macunköy,Macunköy,Macunköy,Macunköy,Macunköy,Macunköy,Macunköy,Macunköy,Macunköy
Gölbaşı,Gölbaşı,Gölbaşı,Gölbaşı,Gölbaşı,Gölbaşı,Gölbaşı,Gölbaşı,Gölbaşı,Gölbaşı,Gölbaşı,Gölbaşı,Gölbaşı,Gölbaşı,Gölbaşı,Gölbaşı,Gölbaşı,Gölbaşı,Gölbaşı,Gölbaşı,Gölbaşı,Gölbaşı,Gölbaşı,Gölbaşı,Gölbaşı,Golbasi,Gölbaşı,Gölbaşı,Gölbaşı,Gölbaşı,Gölbaşı,Gölbaşı,Gölbaşı,Gölbaşı,Gölbaşı,Gölbaşı,Gölbaşı,Gölbaşı,Gölbaşı,Gölbaşı,Gölbaşı,Gölbaşı,Gölbaşı,Gölbaşı,Gölbaşı,Gölbaşı,Gölbaşı,Gölbaşı,Gölbaşı,Gölbaşı,Gölbaşı,Gölbaşı,Gölbaşı,Gölbaşı,Gölbaşı,Gölbaşı,Gölbaşı,Gölbaşı,Gölbaşı,Gölbaşı,Gölbaşı,Gölbaşı,Gölbaşı,Gölbaşı,Gölbaşı,Gölbaşı,Gölbaşı,Gölbaşı,Gölbaşı,Gölbaşı,Gölbaşı,Gölbaşı,Gölbaşı,Gölbaşı,Gölbaşı,Gölbaşı,Gölbaşı,Gölbaşı,Gölbaşı,Gölbaşı,Gölbaşı,Gölbaşı,Gölbaşı,Gölbaşı,Gölbaşı,Gölbaşı,Gölbaşı,Gölbaşı,Gölbaşı,Gölbaşı,Gölbaşı,Gölbaşı,Gölbaşı,Gölbaşı,Gölbaşı,Gölbaşı,Gölbaşı,Gölbaşı,Gölbaşı,Gölbaşı,Gölbaşı,Gölbaşı,Gölbaşı,Gölbaşı,Gölbaşı,Gölbaşı,Gölbaşı,Gölbaşı,Gölbaşı,Gölbaşı,Gölbaşı,Gölbaşı,Gölbaşı,Gölbaşı,Gölbaşı,Gölbaşı,Gölbaşı,Gölbaşı,Gölbaşı,Gölbaşı,Gölbaşı,Gölbaşı,Gölbaşı,Gölbaşı,Gölbaşı,Gölbaşı,Gölbaşı,Gölbaşı,Gölbaşı,Gölbaşı,Gölbaşı,Gölbaşı,Gölbaşı,Gölbaşı,Gölbaşı,Gölbaşı,Gölbaşı
Recursion,Recursion,Recursion,Recursion,Recursion,Recursion,Recursion,Recursion,Recursion,Recursion,Recursion,Recursion,Recursion,Recursion,Recursion,Recursion,Recursion,Recursion,Recursion,Recursion,Recursion,Recursion,Recursion,Recursion,Recursion,Recursion,Recursion,Recursion,Recursion,Recursion,Recursion,Recursion,Recursion,Recursion,Recursion,Recursion,Recursion,Recursion,Recursion,Recursion,Recursion,Recursion,Recursion,Recursion,Recursion,Recursion,Recursion,Recursion,Recursion,Recursion,Recursion,Recursion,Recursion,Recursion,Recursion,Recursion,Recursion,Recursion,Recursion,Recursion,Recursion,Recursion,Recursion,Recursion,Recursion,Recursion,Recursion,Recursion,Recursion,Recursion,Recursion,Recursion,Recursion,Recursion,Recursion,Recursion,Recursion,Recursion,Recursion,Recursion,Recursion,Recursion,Recursion,Recursion,Recursion,Recursion,Recursion,Recursion,Recursion,Recursion,Recursion,Recursion,Recursion,Recursion,Recursion,Recursion,Recursion,Recursion,Recursion,Recursion,Recursion,Recursion,Recursion,Recursion,Recursion,Recursion,Recursion,Recursion,Recursion,Recursion,Recursion,Recursion,Recursion,Recursion,Recursion,Recursion,Recursion,Recursion,Recursion,Recursion,Recursion,Recursion,Recursion,Recursion,Recursion,Recursion,Recursion,Recursion,Recursion,Recursion,Recursion,Recursion,Recursion,Recursion,Recursion,Recursion,Recursion
Pointer,Pointer,Pointer,Pointer,Pointer,Pointer,Pointer,Pointer,Pointer,Pointer,Pointer,Pointer,Pointer,Pointer,Pointer,Pointer,Pointer,Pointer,Pointer,Pointer,Pointer,Pointer,Pointer,Pointer,Pointer,Pointer,Pointer,Pointer,Pointer,Pointer,Pointer,Pointer,Pointer,Pointer,Pointer,Pointer,Pointer,Pointer,Pointer,Pointer,Pointer,Pointer,Pointer,Pointer,Pointer,Pointer,Pointer,Pointer,Pointer,Pointer,Pointer,Pointer,Pointer,Pointer,Pointer,Pointer,Pointer,Pointer,Pointer,Pointer,Pointer,Pointer,Pointer,Pointer,Pointer,Pointer,Pointer,Pointer,Pointer,Pointer,Pointer,Pointer,Pointer,Pointer,Pointer,Pointer,Pointer,Pointer,Pointer,Pointer,Pointer,Pointer,Pointer,Pointer,Pointer,Pointer,Pointer,Pointer,Pointer,Pointer,Pointer,Pointer,Pointer,Pointer,Pointer,Pointer,Pointer,Pointer,Pointer,Pointer,Pointer,Pointer,Pointer,Pointer,Pointer,Pointer,Pointer,Pointer,Pointer,Pointer,Pointer,Pointer,Pointer,Pointer,Pointer,Pointer,Pointer,Pointer,Pointer,Pointer,Pointer,Pointer,Pointer,Pointer,Pointer,Pointer,Pointer,Pointer,Pointer,Pointer,Pointer,Pointer,Pointer,Pointer,Pointer,Pointer,Pointer
Android,Android,Android,Android,Android,Android,Android,Android,Android,Android,Android,Android,Android,Android,Android,Android,Android,Android,Android,Android,Android,Android,Android,Android,Android,Android,Android,Android,Android,Android,Android,Android,Android,Android,Android,Android,Android,Android,Android,Android,Android,Android,Android,Android,Android,Android,Android,Android,Android,Android,Android,Android,Android,Android,Android,Android,Android,Android,Android,Android,Android,Android,Android,Android,Android,Android,Android,Android,Android,Android,Android,Android,Android,Android,Android,Android,Android,Android,Android,Android,Android,Android,Android,Android,Android,Android,Android,Android,Android,Android,Android,Android,Android,Android,Android,Android,Android,Android,Android,Android,Android,Android,Android,Android,Android,Android,Android,Android,Android,Android,Android,Android,Android,Android,Android,Android,Android,Android,Android,Android,Android,Android,Android,Android,Android,Android,Android,Android,Android,Android,Android,Android,Android,Android,Android,Android,Android
,,,إِبْراق لاسلكيّ.,,,,,,,,,,,,,,,,,Funkspruch,,,,,Tranceiver,,,,,,,,,,,,,,,,,,,,,,,,,,,,,,,,,,,,,,,,,,,,,,,,,,,,,,,,,,,,,,,,,,,,,,,,,,,,,,,,,,,,,,,,,,,,,,,,,Telsiz,,,,,,,,,,,,,,
,,,إِبْراق لاسلكيّ.,,,,,,,,,,,,,,,,,funkspruch,,,,,tranceiver,,,,,,,,,,,,,,,,,,,,,,,,,,,,,,,,,,,,,,,,,,,,,,,,,,,,,,,,,,,,,,,,,,,,,,,,,,,,,,,,,,,,,,,,,,,,,,,,,telsiz,,,,,,,,,,,,,,
,,,غرفة الطوارئ,,,,,,,,,,,,,,,,,,,,,,casualty department,,,,,,,,,,,,,,,,,,,,,,,,,,,,,,,,,,,,,,,,,,,,,,,,,,,,,,,,,,,,,,,,,,,,,,,,,,,,,,,,,,,,,,,,,,,,,,,,,acil servis,,,,,,,,,,,,,,
,,,جمود,,,,,,,,,,,,,,,,,deadlock,,,,,deadlock,,,,,,,,,,,,,,,,,,,,,,,,,,,,,,,,,,,,,,,,,,,,,,,,,,,,,,,,,,,,,,,,,,,,,,,,,,,,,,,,,,,,,,,,,,,,,,,,,deadlock,,,,,,,,,,,,,,
,,,سائق الخدمة,,,,,,,,,,,,,,,,,Servicefahrer,,,,,service driver,,,,,,,,,,,,,,,,,,,,,,,,,,,,,,,,,,,,,,,,,,,,,,,,,,,,,,,,,,,,,,,,,,,,,,,,,,,,,,,,,,,,,,,,,,,,,,,,,servisçi,,,,,,,,,,,,,,
,,,مع السلامة,,,,,,,,,,,,,,,,,merhabaDE,,,,,merhabaEN,,,,,,,,,,,,,,,,,,,,,,,,,,,,,,,,,,,,,,,,,,,,,,,,,,,,,,,,,,,,,,,,,,,,,,,,,,,,,,,,,,,,,,,,,,,,,,,,,merhaba,,,,,,,,,,,,,,
,,,,,,,,,,,,,,,,,,,,,,,,,deadlock state,,,,,,,,,,,,,,,,,,,,,,,,,,,,,,,,,,,,,,,,,,,,,,,,,,,,,,,,,,,,,,,,,,,,,,,,,,,,,,,,,,,,,,,,,,,,,,,,,bekleme hali,,,,,,,,,,,,,,
,,,,,,,,,,,,,,,,,,,,kernel ingenieur,,,,,kernel developer,,,,,,,,,,,,,,,,,,,,,,,,,,,,,,,,,,,,,,,,,,,,,,,,,,,,,,,,,,,,,,,,,,,,,,,,,,,,,,,,,,,,,,,,,,,,,,,,,kernel geliştirici,,,,,,,,,,,,,,
,,,خيار أمان النظام,,,,,,,,,,,,,,,,,Systemsicherheitsoption,,,,,safety opt,,,,,,,,,,,,,,,,,,,,,,,,,,,,,,,,,,,,,,,,,,,,,,,,,,,,,,,,,,,,,,,,,,,,,,,,,,,,,,,,,,,,,,,,,,,,,,,,,güvenlik ayarları,,,,,,,,,,,,,,
,,,وصف النظام,,,,,,,,,,,,,,,,,Strukturdefinition,,,,,general needs,,,,,,,,,,,,,,,,,,,,,,,,,,,,,,,,,,,,,,,,,,,,,,,,,,,,,,,,,,,,,,,,,,,,,,,,,,,,,,,,,,,,,,,,,,,,,,,,,sistem gereksinimleri,,,,,,,,,,,,,,
,,,حالات مستحيلة,,,,,,,,,,,,,,,,,außergewöhnliche Möglichkeiten,,,,,edge possibilities,,,,,,,,,,,,,,,,,,,,,,,,,,,,,,,,,,,,,,,,,,,,,,,,,,,,,,,,,,,,,,,,,,,,,,,,,,,,,,,,,,,,,,,,,,,,,,,,,uç vakalar,,,,,,,,,,,,,,
